,Model Name,accuracy,precision,recall,f1 score
U,U,0.9861561141909427,0.9860806372874145,0.9861561141909427,0.9860523050155541
